{
  "MAE": 0.564231812953949,
  "RMSE": 0.9266029284761337
}