{
<<<<<<< HEAD
  "MAE": 0.590197741985321,
  "RMSE": 0.7541626805433727
=======
  "MAE": 0.564231812953949,
  "RMSE": 0.9266029284761337
>>>>>>> d7e5ce9f407c4039a9955cd4e8aa4162b84a16e1
}