{
  "MAE": 0.590197741985321,
  "RMSE": 0.7541626805433727
}